id_partida,id_league,referee,date,Stadium,Home_Team,home.id,Away_Team,away.id,home.winner,Gols_Home,Gols_Away,Half_Time_Gols_Home,Half_Time_Gols_Away,Empate
94480,71,"Caio Max Augusto Vieira, Brazil",2019-04-27T19:00:00+00:00,Morumbi,Sao Paulo,126,Botafogo,120,True,2,0,1,0,0
94475,71,"Raphael Claus, Brazil",2019-04-27T22:00:00+00:00,Arena Condá,Chapecoense-SC,132,Internacional,119,True,2,0,1,0,0
94472,71,"Rodolpho Toski Marques, Brazil",2019-04-27T22:00:00+00:00,Arena Independência,Atletico-MG,1062,Avai,145,True,2,1,1,0,0
94476,71,"Anderson Daronco, Brazil",2019-04-28T00:00:00+00:00,Estádio do Maracanã,Flamengo,127,Cruzeiro,135,True,3,1,1,1,0
94478,71,"Bruno Arleu de Araujo, Brazil",2019-04-28T14:00:00+00:00,Arena do Grêmio,Gremio,130,Santos,128,False,1,2,0,2,0
94473,71,"Wilton Pereira Sampaio, Brazil",2019-04-28T19:00:00+00:00,Arena Fonte Nova,Bahia,118,Corinthians,131,True,3,2,1,1,0
94474,71,"Rafael Trombeta, Brazil",2019-04-28T19:00:00+00:00,Estadio Castelão,Ceara,129,CSA,150,True,4,0,2,0,0
94471,71,"Luiz Flavio De Oliveira, Brazil",2019-04-28T19:00:00+00:00,Arena da Baixada,Atletico Paranaense,134,Vasco DA Gama,133,True,4,1,2,0,0
94479,71,"Braulio Da Silva Machado, Brazil",2019-04-28T22:00:00+00:00,Allianz Parque,Palmeiras,121,Fortaleza EC,154,True,4,0,1,0,0
94477,71,"Dewson Fernando Freitas da Silva, Brazil",2019-04-28T22:00:00+00:00,Estádio do Maracanã,Fluminense,124,Goias,151,False,0,1,0,0,0
94488,71,"Flavio Rodrigues De Souza, Brazil",2019-05-01T19:00:00+00:00,Estádio Beira Rio,Internacional,119,Flamengo,127,True,2,1,1,0,0
94483,71,"Ricardo Marques Ribeiro, Brazil",2019-05-01T19:00:00+00:00,Arena Corinthians,Corinthians,131,Chapecoense-SC,132,True,1,0,0,0,0
94485,71,"Caio Max Augusto Vieira, Brazil",2019-05-01T19:00:00+00:00,Estádio Rei Pelé,CSA,150,Palmeiras,121,False,1,1,0,1,1
94484,71,"Reway Wagner, Brazil",2019-05-01T22:15:00+00:00,Estádio Mineirão,Cruzeiro,135,Ceara,129,True,1,0,0,0,0
94481,71,"Wagner do Nascimento Magalhaes, Brazil",2019-05-01T22:15:00+00:00,Estádio da Ressacada,Avai,145,Gremio,130,False,1,1,0,1,1
94490,71,"Raphael Claus, Brazil",2019-05-02T00:30:00+00:00,São Januário,Vasco DA Gama,133,Atletico-MG,1062,False,1,2,0,0,0
94487,71,"Rafael Traci, Brazil",2019-05-02T00:30:00+00:00,Serra Dourada,Goias,151,Sao Paulo,126,False,1,2,1,2,0
94486,71,"Marcelo De Lima Henrique, Brazil",2019-05-02T00:30:00+00:00,Estadio Castelão,Fortaleza EC,154,Atletico Paranaense,134,True,2,1,1,1,0
94489,71,"Wilton Pereira Sampaio, Brazil",2019-05-02T22:15:00+00:00,Urbano Caldeira,Santos,128,Fluminense,124,True,2,1,0,0,0
94482,71,"Luiz Flavio De Oliveira, Brazil",2019-05-02T23:00:00+00:00,Estadio Olimpico Nilton Santos,Botafogo,120,Bahia,118,True,3,2,3,1,0
94498,71,"Wagner do Nascimento Magalhaes, Brazil",2019-05-04T22:00:00+00:00,Allianz Parque,Palmeiras,121,Internacional,119,True,1,0,1,0,0
94500,71,"Rodrigo D'alonso Ferreira, Brazil",2019-05-04T22:00:00+00:00,São Januário,Vasco DA Gama,133,Corinthians,131,False,1,1,1,1,1
94493,71,"Flavio Rodrigues De Souza, Brazil",2019-05-05T00:00:00+00:00,Estadio Castelão,Ceara,129,Atletico-MG,1062,False,1,2,1,1,0
94494,71,"Vinicius Goncalves Dias Araujo, Brazil",2019-05-05T14:00:00+00:00,Arena Condá,Chapecoense-SC,132,Atletico Paranaense,134,False,1,1,0,0,1
94492,71,"Reway Wagner, Brazil",2019-05-05T19:00:00+00:00,Estadio Olimpico Nilton Santos,Botafogo,120,Fortaleza EC,154,True,1,0,0,0,0
94499,71,"Ricardo Marques Ribeiro, Brazil",2019-05-05T19:00:00+00:00,Morumbi,Sao Paulo,126,Flamengo,127,False,1,1,0,1,1
94495,71,"Rodrigo Carvalhaes de Miranda, Brazil",2019-05-05T19:00:00+00:00,Estádio Mineirão,Cruzeiro,135,Goias,151,True,2,1,0,0,0
94496,71,"Rodolpho Toski Marques, Brazil",2019-05-05T19:00:00+00:00,Estádio Rei Pelé,CSA,150,Santos,128,False,0,0,0,0,1
94491,71,"Bruno Arleu de Araujo, Brazil",2019-05-05T22:00:00+00:00,Arena Fonte Nova,Bahia,118,Avai,145,True,1,0,1,0,0
94497,71,"Raphael Claus, Brazil",2019-05-05T22:00:00+00:00,Arena do Grêmio,Gremio,130,Fluminense,124,False,4,5,3,2,0
94506,71,"Marcelo Aparecido Ribeiro de Souza, Brazil",2019-05-11T19:00:00+00:00,Estádio do Maracanã,Fluminense,124,Botafogo,120,False,0,1,0,0,0
94504,71,"Marcelo De Lima Henrique, Brazil",2019-05-11T22:00:00+00:00,Arena Corinthians,Corinthians,131,Gremio,130,False,0,0,0,0,1
94508,71,"Caio Max Augusto Vieira, Brazil",2019-05-12T00:00:00+00:00,Serra Dourada,Goias,151,Ceara,129,True,2,1,1,0,0
94505,71,"Jean Pierre Goncalves Lima, Brazil",2019-05-12T14:00:00+00:00,Estádio do Maracanã,Flamengo,127,Chapecoense-SC,132,True,2,1,1,0,0
94509,71,"Raphael Claus, Brazil",2019-05-12T19:00:00+00:00,Estádio Beira Rio,Internacional,119,Cruzeiro,135,True,3,1,1,1,0
94510,71,"Paulo Roberto Alves Junior, Brazil",2019-05-12T19:00:00+00:00,Urbano Caldeira,Santos,128,Vasco DA Gama,133,True,3,0,2,0,0
94502,71,"Anderson Daronco, Brazil",2019-05-12T19:00:00+00:00,Arena Independência,Atletico-MG,1062,Palmeiras,121,False,0,2,0,1,0
94501,71,"Savio Pereira Sampaio, Brazil",2019-05-12T22:00:00+00:00,Arena da Baixada,Atletico Paranaense,134,Bahia,118,True,1,0,1,0,0
94503,71,"Dewson Fernando Freitas da Silva, Brazil",2019-05-12T22:00:00+00:00,Estádio da Ressacada,Avai,145,CSA,150,False,0,0,0,0,1
94507,71,"Wilton Pereira Sampaio, Brazil",2019-05-12T22:00:00+00:00,Estadio Castelão,Fortaleza EC,154,Sao Paulo,126,False,0,1,0,0,0
94515,71,"Flavio Rodrigues De Souza, Brazil",2019-05-18T21:00:00+00:00,Estádio do Maracanã,Fluminense,124,Cruzeiro,135,True,4,1,1,0,0
94518,71,"Rafael Traci, Brazil",2019-05-18T22:00:00+00:00,Allianz Parque,Palmeiras,121,Santos,128,True,4,0,2,0,0
94512,71,"Paulo Roberto Alves Junior, Brazil",2019-05-18T22:00:00+00:00,Arena Independência,Atletico-MG,1062,Flamengo,127,True,2,1,1,1,0
94519,71,"Daniel Nobre Bins, Brazil",2019-05-19T14:00:00+00:00,Morumbi,Sao Paulo,126,Bahia,118,False,0,0,0,0,1
94517,71,"Rodrigo Carvalhaes de Miranda, Brazil",2019-05-19T19:00:00+00:00,Estádio Beira Rio,Internacional,119,CSA,150,True,2,0,1,0,0
94514,71,"Thiago Duarte Peixoto, Brazil",2019-05-19T19:00:00+00:00,Arena Condá,Chapecoense-SC,132,Fortaleza EC,154,False,1,3,1,1,0
94511,71,"Wagner do Nascimento Magalhaes, Brazil",2019-05-19T19:00:00+00:00,Arena da Baixada,Atletico Paranaense,134,Corinthians,131,False,0,2,0,1,0
94516,71,"Rodolpho Toski Marques, Brazil",2019-05-19T19:00:00+00:00,Serra Dourada,Goias,151,Botafogo,120,True,1,0,0,0,0
94513,71,"Igor Junio Benevenuto, Brazil",2019-05-19T22:00:00+00:00,Estadio Castelão,Ceara,129,Gremio,130,True,2,1,2,1,0
94520,71,"Ricardo Marques Ribeiro, Brazil",2019-05-19T22:00:00+00:00,São Januário,Vasco DA Gama,133,Avai,145,False,1,1,0,0,1
94523,71,"Paulo Roberto Alves Junior, Brazil",2019-05-25T19:00:00+00:00,Estadio Olimpico Nilton Santos,Botafogo,120,Palmeiras,121,False,0,1,0,0,0
94529,71,"Rafael Traci, Brazil",2019-05-25T22:00:00+00:00,Arena do Grêmio,Gremio,130,Atletico-MG,1062,True,1,0,0,0,0
94527,71,"Daniel Nobre Bins, Brazil",2019-05-26T19:00:00+00:00,Estádio do Maracanã,Flamengo,127,Atletico Paranaense,134,True,3,2,1,0,0
94530,71,"Rodolpho Toski Marques, Brazil",2019-05-26T19:00:00+00:00,Urbano Caldeira,Santos,128,Internacional,119,False,0,0,0,0,1
94522,71,"Igor Junio Benevenuto, Brazil",2019-05-26T22:00:00+00:00,Arena Fonte Nova,Bahia,118,Fluminense,124,True,3,2,2,1,0
94524,71,"Flavio Rodrigues De Souza, Brazil",2019-05-26T22:00:00+00:00,Arena Corinthians,Corinthians,131,Sao Paulo,126,True,1,0,1,0,0
94525,71,"Dewson Fernando Freitas da Silva, Brazil",2019-05-26T22:00:00+00:00,Estádio Mineirão,Cruzeiro,135,Chapecoense-SC,132,False,1,2,0,0,0
94528,71,"Anderson Daronco, Brazil",2019-05-26T22:00:00+00:00,Estadio Castelão,Fortaleza EC,154,Vasco DA Gama,133,False,1,1,0,0,1
94521,71,"Rodrigo Carvalhaes de Miranda, Brazil",2019-05-27T23:00:00+00:00,Estádio da Ressacada,Avai,145,Ceara,129,False,1,2,1,0,0
94526,71,"Edina Alves Batista, Brazil",2019-05-27T23:00:00+00:00,Estádio Rei Pelé,CSA,150,Goias,151,True,1,0,0,0,0
94538,71,"Rodrigo D'alonso Ferreira, Brazil",2019-06-01T19:00:00+00:00,Estádio do Maracanã,Flamengo,127,Fortaleza EC,154,True,2,0,1,0,0
94533,71,"Dewson Fernando Freitas da Silva, Brazil",2019-06-01T22:00:00+00:00,Arena Fonte Nova,Bahia,118,Gremio,130,True,1,0,0,0,0
94534,71,"Vinicius Goncalves Dias Araujo, Brazil",2019-06-02T14:00:00+00:00,Estadio Olimpico Nilton Santos,Botafogo,120,Vasco DA Gama,133,True,1,0,0,0,0
94540,71,"Braulio Da Silva Machado, Brazil",2019-06-02T19:00:00+00:00,Morumbi,Sao Paulo,126,Cruzeiro,135,False,1,1,1,0,1
94535,71,"Ricardo Marques Ribeiro, Brazil",2019-06-02T19:00:00+00:00,Estadio Castelão,Ceara,129,Santos,128,False,0,1,0,0,0
94531,71,"Reway Wagner, Brazil",2019-06-02T19:00:00+00:00,Arena da Baixada,Atletico Paranaense,134,Fluminense,124,True,3,0,2,0,0
94539,71,"Rodrigo Nunes De Sa, Brazil",2019-06-02T22:00:00+00:00,Estádio Beira Rio,Internacional,119,Avai,145,True,2,0,0,0,0
94536,71,"Rodolpho Toski Marques, Brazil",2019-06-02T22:00:00+00:00,Arena Condá,Chapecoense-SC,132,Palmeiras,121,False,1,2,1,2,0
94532,71,"Diego Pombo Lopez, Brazil",2019-06-02T22:00:00+00:00,Arena Independência,Atletico-MG,1062,CSA,150,True,4,0,2,0,0
94550,71,"Heber Roberto Lopes, Brazil",2019-06-07T23:30:00+00:00,São Januário,Vasco DA Gama,133,Internacional,119,True,2,1,2,0,0
94548,71,"Rodrigo D'alonso Ferreira, Brazil",2019-06-08T19:30:00+00:00,Allianz Parque,Palmeiras,121,Atletico Paranaense,134,True,1,0,0,0,0
94547,71,"Savio Pereira Sampaio, Brazil",2019-06-08T22:00:00+00:00,Arena do Grêmio,Gremio,130,Fortaleza EC,154,True,1,0,0,0,0
94543,71,"Marcelo De Lima Henrique, Brazil",2019-06-08T22:00:00+00:00,Estádio Mineirão,Cruzeiro,135,Corinthians,131,False,0,0,0,0,1
94542,71,"Thiago Duarte Peixoto, Brazil",2019-06-08T22:30:00+00:00,Estadio Castelão,Ceara,129,Bahia,118,False,0,0,0,0,1
94541,71,"Caio Max Augusto Vieira, Brazil",2019-06-09T00:00:00+00:00,Estádio da Ressacada,Avai,145,Sao Paulo,126,False,0,0,0,0,1
94545,71,"Wagner do Nascimento Magalhaes, Brazil",2019-06-09T22:00:00+00:00,Estádio do Maracanã,Fluminense,124,Flamengo,127,False,0,0,0,0,1
94549,71,"Dewson Fernando Freitas da Silva, Brazil",2019-06-09T22:00:00+00:00,Urbano Caldeira,Santos,128,Atletico-MG,1062,True,3,1,2,0,0
94544,71,"Jean Pierre Goncalves Lima, Brazil",2019-06-09T22:00:00+00:00,Estádio Rei Pelé,CSA,150,Botafogo,120,False,1,2,0,0,0
94546,71,"Igor Junio Benevenuto, Brazil",2019-06-10T23:00:00+00:00,Serra Dourada,Goias,151,Chapecoense-SC,132,True,3,1,1,1,0
94552,71,"Marcelo Aparecido Ribeiro de Souza, Brazil",2019-06-12T22:15:00+00:00,Estadio Olimpico Nilton Santos,Botafogo,120,Gremio,130,False,0,1,0,0,0
94555,71,Heber Lopes,2019-06-13T00:00:00+00:00,"Estádio Governador Plácido Aderaldo Castelo (Fortaleza, Ceará)",Fortaleza EC,154,Cruzeiro,135,True,2,1,2,1,0
94557,71,Paulo Roberto Alves Júnior,2019-06-13T00:30:00+00:00,"Estádio José Pinheiro Borda (Porto Alegre, Rio Grande do Sul)",Internacional,119,Bahia,118,True,3,1,1,0,0
94559,71,Wagner do Nascimento Magalhaes,2019-06-13T00:30:00+00:00,"Estádio Urbano Caldeira (Santos, São Paulo)",Santos,128,Corinthians,131,True,1,0,0,0,0
94554,71,Douglas Marques das Flores,2019-06-13T00:30:00+00:00,"Estádio Nacional de Brasília (Brasília, Distrito Federal)",CSA,150,Flamengo,127,False,0,2,0,0,0
94560,71,"Flavio Rodrigues De Souza, Brazil",2019-06-13T22:15:00+00:00,São Januário,Vasco DA Gama,133,Ceara,129,True,1,0,0,0,0
94558,71,"Marcelo De Lima Henrique, Brazil",2019-06-13T23:00:00+00:00,Allianz Parque,Palmeiras,121,Avai,145,True,2,0,1,0,0
94553,71,"Ricardo Marques Ribeiro, Brazil",2019-06-13T23:00:00+00:00,Arena Condá,Chapecoense-SC,132,Fluminense,124,False,1,1,1,0,1
94556,71,"Rodrigo Carvalhaes de Miranda, Brazil",2019-06-13T23:00:00+00:00,Serra Dourada,Goias,151,Atletico Paranaense,134,True,2,1,2,0,0
94551,71,"Leandro Pedro Vuaden, Brazil",2019-06-13T23:00:00+00:00,Arena Independência,Atletico-MG,1062,Sao Paulo,126,False,1,1,1,0,1
94569,71,"Rodolpho Toski Marques, Brazil",2019-07-13T20:00:00+00:00,Arena do Grêmio,Gremio,130,Vasco DA Gama,133,True,2,1,0,1,0
94568,71,"Thiago Duarte Peixoto, Brazil",2019-07-13T20:00:00+00:00,Estadio Castelão,Fortaleza EC,154,Avai,145,True,2,0,1,0,0
94562,71,"Jean Pierre Goncalves Lima, Brazil",2019-07-13T22:00:00+00:00,Arena Fonte Nova,Bahia,118,Santos,128,False,0,1,0,0,0
94570,71,"Bruno Arleu de Araujo, Brazil",2019-07-13T22:00:00+00:00,Morumbi,Sao Paulo,126,Palmeiras,121,False,1,1,1,0,1
94566,71,"Caio Max Augusto Vieira, Brazil",2019-07-14T14:00:00+00:00,Estádio do Maracanã,Flamengo,127,Goias,151,True,6,1,4,1,0
94564,71,"Reway Wagner, Brazil",2019-07-14T19:00:00+00:00,Arena Corinthians,Corinthians,131,CSA,150,True,1,0,0,0,0
94561,71,"Braulio Da Silva Machado, Brazil",2019-07-14T19:00:00+00:00,Arena da Baixada,Atletico Paranaense,134,Internacional,119,True,1,0,0,0,0
94565,71,"Leandro Pedro Vuaden, Brazil",2019-07-14T19:00:00+00:00,Estádio Mineirão,Cruzeiro,135,Botafogo,120,False,0,0,0,0,1
94563,71,"Marcelo Aparecido Ribeiro de Souza, Brazil",2019-07-14T22:00:00+00:00,Arena Condá,Chapecoense-SC,132,Atletico-MG,1062,False,1,2,1,0,0
94567,71,"Douglas Marques das Flores, Brazil",2019-07-15T23:00:00+00:00,Estádio do Maracanã,Fluminense,124,Ceara,129,False,1,1,1,1,1
94580,71,"Bruno Arleu de Araujo, Brazil",2019-07-20T14:00:00+00:00,São Januário,Vasco DA Gama,133,Fluminense,124,True,2,1,0,1,0
94573,71,"Luiz Flavio De Oliveira, Brazil",2019-07-20T20:00:00+00:00,Arena Fonte Nova,Bahia,118,Cruzeiro,135,False,0,0,0,0,1
94578,71,"Anderson Daronco, Brazil",2019-07-20T22:00:00+00:00,Estádio Beira Rio,Internacional,119,Gremio,130,False,1,1,1,0,1
94575,71,"Rodrigo D'alonso Ferreira, Brazil",2019-07-20T22:00:00+00:00,Estadio Castelão,Ceara,129,Palmeiras,121,True,2,0,1,0,0
94577,71,"Ricardo Marques Ribeiro, Brazil",2019-07-20T22:00:00+00:00,Estádio Rei Pelé,CSA,150,Atletico Paranaense,134,False,0,4,0,1,0
94574,71,"Heber Roberto Lopes, Brazil",2019-07-21T14:00:00+00:00,Estadio Olimpico Nilton Santos,Botafogo,120,Santos,128,False,0,1,0,0,0
94576,71,"Leandro Pedro Vuaden, Brazil",2019-07-21T19:00:00+00:00,Arena Corinthians,Corinthians,131,Flamengo,127,False,1,1,0,0,1
94571,71,"Edina Alves Batista, Brazil",2019-07-21T19:00:00+00:00,Arena Independência,Atletico-MG,1062,Fortaleza EC,154,False,2,2,2,0,1
94572,71,"Rodolpho Toski Marques, Brazil",2019-07-21T22:00:00+00:00,Estádio da Ressacada,Avai,145,Goias,151,False,0,0,0,0,1
94579,71,"Savio Pereira Sampaio, Brazil",2019-07-22T23:00:00+00:00,Morumbi,Sao Paulo,126,Chapecoense-SC,132,True,4,0,0,0,0
94589,71,"Ricardo Marques Ribeiro, Brazil",2019-07-27T20:00:00+00:00,Allianz Parque,Palmeiras,121,Vasco DA Gama,133,False,1,1,1,1,1
94588,71,"Marcelo De Lima Henrique, Brazil",2019-07-27T22:00:00+00:00,Estádio Beira Rio,Internacional,119,Ceara,129,True,1,0,1,0,0
94585,71,"Anderson Daronco, Brazil",2019-07-27T22:00:00+00:00,Estádio do Maracanã,Fluminense,124,Sao Paulo,126,False,1,2,1,1,0
94582,71,"Rodrigo Carvalhaes de Miranda, Brazil",2019-07-27T22:00:00+00:00,Estádio Mineirão,Cruzeiro,135,Atletico Paranaense,134,False,0,2,0,1,0
94581,71,"Dewson Fernando Freitas da Silva, Brazil",2019-07-28T14:00:00+00:00,Arena Condá,Chapecoense-SC,132,Bahia,118,False,0,0,0,0,1
94584,71,"Raphael Claus, Brazil",2019-07-28T19:00:00+00:00,Estádio do Maracanã,Flamengo,127,Botafogo,120,True,3,2,1,1,0
94590,71,"Reway Wagner, Brazil",2019-07-28T19:00:00+00:00,Urbano Caldeira,Santos,128,Avai,145,True,3,1,2,1,0
94587,71,"Luiz Flavio De Oliveira, Brazil",2019-07-28T22:00:00+00:00,Serra Dourada,Goias,151,Atletico-MG,1062,False,0,0,0,0,1
94586,71,"Wilton Pereira Sampaio, Brazil",2019-07-28T22:00:00+00:00,Estadio Castelão,Fortaleza EC,154,Corinthians,131,False,1,3,1,0,0
94583,71,"Caio Max Augusto Vieira, Brazil",2019-07-29T23:00:00+00:00,Estádio Rei Pelé,CSA,150,Gremio,130,False,0,0,0,0,1
94597,71,"Rodolpho Toski Marques, Brazil",2019-08-03T22:00:00+00:00,Estádio do Maracanã,Fluminense,124,Internacional,119,True,2,1,0,0,0
94595,71,"Heber Roberto Lopes, Brazil",2019-08-03T22:00:00+00:00,Estadio Castelão,Ceara,129,Fortaleza EC,154,True,2,1,2,1,0
94599,71,"Rafael Traci, Brazil",2019-08-04T14:00:00+00:00,Urbano Caldeira,Santos,128,Goias,151,True,6,1,3,0,0
94594,71,"Flavio Rodrigues De Souza, Brazil",2019-08-04T19:00:00+00:00,Arena Fonte Nova,Bahia,118,Flamengo,127,True,3,0,3,0,0
94593,71,"Vinicius Furlan, Brazil",2019-08-04T19:00:00+00:00,Estádio da Ressacada,Avai,145,Botafogo,120,False,0,2,0,1,0
94596,71,"Anderson Daronco, Brazil",2019-08-04T22:00:00+00:00,Arena Corinthians,Corinthians,131,Palmeiras,121,False,1,1,1,0,1
94600,71,"Marielson Alves Silva, Brazil",2019-08-04T22:00:00+00:00,São Januário,Vasco DA Gama,133,CSA,150,False,0,0,0,0,1
94592,71,"Leandro Pedro Vuaden, Brazil",2019-08-04T22:00:00+00:00,Arena Independência,Atletico-MG,1062,Cruzeiro,135,True,2,0,1,0,0
94598,71,"Felipe Fernandes de Lima, Brazil",2019-08-05T23:00:00+00:00,Arena do Grêmio,Gremio,130,Chapecoense-SC,132,False,3,3,2,2,1
94537,71,"Bruno Arleu de Araujo, Brazil",2019-08-07T22:15:00+00:00,Arena Corinthians,Corinthians,131,Goias,151,True,2,0,1,0,0
94610,71,"Raphael Claus, Brazil",2019-08-10T20:00:00+00:00,Morumbi,Sao Paulo,126,Santos,128,True,3,2,0,1,0
94604,71,"Rodrigo Carvalhaes de Miranda, Brazil",2019-08-10T20:00:00+00:00,Estadio Castelão,Ceara,129,Chapecoense-SC,132,True,4,1,1,0,0
94606,71,"Braulio Da Silva Machado, Brazil",2019-08-10T22:00:00+00:00,Estádio do Maracanã,Flamengo,127,Gremio,130,True,3,1,1,1,0
94601,71,Wilton Pereira Sampaio,2019-08-11T00:00:00+00:00,"Estádio Raimundo Sampaio (Belo Horizonte, Minas Gerais)",Atletico-MG,1062,Fluminense,124,True,2,1,1,0,0
94608,71,"Caio Max Augusto Vieira, Brazil",2019-08-11T14:00:00+00:00,Estádio Beira Rio,Internacional,119,Corinthians,131,False,0,0,0,0,1
94603,71,"Douglas Marques das Flores, Brazil",2019-08-11T19:00:00+00:00,Estadio Olimpico Nilton Santos,Botafogo,120,Atletico Paranaense,134,True,2,1,1,1,0
94609,71,"Igor Junio Benevenuto, Brazil",2019-08-11T19:00:00+00:00,Allianz Parque,Palmeiras,121,Bahia,118,False,2,2,1,0,1
94602,71,"Marielson Alves Silva, Brazil",2019-08-11T19:00:00+00:00,Estádio da Ressacada,Avai,145,Cruzeiro,135,False,2,2,1,0,1
94607,71,"Jean Pierre Goncalves Lima, Brazil",2019-08-11T22:00:00+00:00,Serra Dourada,Goias,151,Vasco DA Gama,133,False,0,1,0,1,0
94605,71,"Gilberto Rodrigues Castro Junior, Brazil",2019-08-12T23:00:00+00:00,Estádio Rei Pelé,CSA,150,Fortaleza EC,154,False,0,2,0,2,0
94614,71,"Rafael Traci, Brazil",2019-08-17T20:00:00+00:00,Arena Corinthians,Corinthians,131,Botafogo,120,True,2,0,1,0,0
94617,71,"Braulio Da Silva Machado, Brazil",2019-08-17T20:00:00+00:00,Estadio Castelão,Fortaleza EC,154,Internacional,119,False,0,1,0,0,0
94620,71,"Leandro Pedro Vuaden, Brazil",2019-08-17T22:00:00+00:00,Estadio Nacional Mane Garrincha,Vasco DA Gama,133,Flamengo,127,False,1,4,0,1,0
94611,71,"Dewson Fernando Freitas da Silva, Brazil",2019-08-17T22:00:00+00:00,Arena da Baixada,Atletico Paranaense,134,Atletico-MG,1062,True,1,0,1,0,0
94618,71,Wagner do Nascimento Magalhaes,2019-08-18T00:00:00+00:00,"Arena do Grêmio (Porto Alegre, Rio Grande do Sul)",Gremio,130,Palmeiras,121,False,1,1,0,1,1
94612,71,"Raphael Claus, Brazil",2019-08-18T19:00:00+00:00,Arena Fonte Nova,Bahia,118,Goias,151,False,1,1,0,1,1
94616,71,"Reway Wagner, Brazil",2019-08-18T19:00:00+00:00,Estádio do Maracanã,Fluminense,124,CSA,150,False,0,1,0,0,0
94619,71,"Gilberto Rodrigues Castro Junior, Brazil",2019-08-18T19:00:00+00:00,Morumbi,Sao Paulo,126,Ceara,129,True,1,0,1,0,0
94615,71,"Anderson Daronco, Brazil",2019-08-18T19:00:00+00:00,Estádio Mineirão,Cruzeiro,135,Santos,128,True,2,0,1,0,0
94613,71,"Luiz Flavio De Oliveira, Brazil",2019-08-18T22:00:00+00:00,Arena Condá,Chapecoense-SC,132,Avai,145,True,1,0,0,0,0
94591,71,"Daniel Nobre Bins, Brazil",2019-08-21T22:15:00+00:00,Arena da Baixada,Atletico Paranaense,134,Sao Paulo,126,False,0,1,0,1,0
94621,71,"Rodolpho Toski Marques, Brazil",2019-08-24T14:00:00+00:00,Arena Independência,Atletico-MG,1062,Bahia,118,False,0,1,0,1,0
94627,71,"Bruno Arleu de Araujo, Brazil",2019-08-24T20:00:00+00:00,Arena do Grêmio,Gremio,130,Atletico Paranaense,134,True,2,1,1,0,0
94629,71,"Rodrigo D'alonso Ferreira, Brazil",2019-08-25T19:00:00+00:00,Urbano Caldeira,Santos,128,Fortaleza EC,154,False,3,3,3,0,1
94630,71,"Anderson Daronco, Brazil",2019-08-25T19:00:00+00:00,São Januário,Vasco DA Gama,133,Sao Paulo,126,True,2,0,0,0,0
94626,71,"Marielson Alves Silva, Brazil",2019-08-25T19:00:00+00:00,Serra Dourada,Goias,151,Internacional,119,True,2,1,0,1,0
94624,71,"Wilton Pereira Sampaio, Brazil",2019-08-25T22:00:00+00:00,Estadio Castelão,Ceara,129,Flamengo,127,False,0,3,0,2,0
94622,71,"Ricardo Marques Ribeiro, Brazil",2019-08-25T22:00:00+00:00,Estádio da Ressacada,Avai,145,Corinthians,131,False,1,1,0,0,1
94625,71,"Marcelo De Lima Henrique, Brazil",2019-08-25T22:00:00+00:00,Estádio Rei Pelé,CSA,150,Cruzeiro,135,False,1,1,0,1,1
94623,71,"Edina Alves Batista, Brazil",2019-08-26T23:00:00+00:00,Estadio Olimpico Nilton Santos,Botafogo,120,Chapecoense-SC,132,False,0,0,0,0,1
94640,71,"Caio Max Augusto Vieira, Brazil",2019-08-31T14:00:00+00:00,Morumbi,Sao Paulo,126,Gremio,130,False,0,0,0,0,1
94632,71,"Vinicius Gomes do Amara, Brazil",2019-08-31T20:00:00+00:00,Arena Fonte Nova,Bahia,118,CSA,150,True,1,0,0,0,0
94633,71,"Bruno Arleu de Araujo, Brazil",2019-08-31T22:00:00+00:00,Arena Condá,Chapecoense-SC,132,Santos,128,False,0,1,0,1,0
94631,71,"Leandro Pedro Vuaden, Brazil",2019-08-31T22:00:00+00:00,Arena da Baixada,Atletico Paranaense,134,Ceara,129,True,1,0,1,0,0
94639,71,Dewson Fernando Freitas da Silva,2019-09-01T00:00:00+00:00,"Estádio José Pinheiro Borda (Porto Alegre, Rio Grande do Sul)",Internacional,119,Botafogo,120,True,3,2,1,0,0
94636,71,"Rafael Traci, Brazil",2019-09-01T19:00:00+00:00,Estádio do Maracanã,Flamengo,127,Palmeiras,121,True,3,0,2,0,0
94638,71,"Felipe Fernandes de Lima, Brazil",2019-09-01T19:00:00+00:00,Estadio Castelão,Fortaleza EC,154,Goias,151,True,2,0,1,0,0
94634,71,"Wilton Pereira Sampaio, Brazil",2019-09-01T22:00:00+00:00,Arena Corinthians,Corinthians,131,Atletico-MG,1062,True,1,0,0,0,0
94635,71,"Heber Roberto Lopes, Brazil",2019-09-01T22:00:00+00:00,Estádio Mineirão,Cruzeiro,135,Vasco DA Gama,133,True,1,0,0,0,0
94637,71,"Raphael Claus, Brazil",2019-09-02T23:00:00+00:00,Estádio do Maracanã,Fluminense,124,Avai,145,False,0,1,0,0,0
94643,71,"Paulo Roberto Alves Junior, Brazil",2019-09-07T14:00:00+00:00,Arena Corinthians,Corinthians,131,Ceara,129,False,2,2,2,0,1
94650,71,"Caio Max Augusto Vieira, Brazil",2019-09-07T14:00:00+00:00,São Januário,Vasco DA Gama,133,Bahia,118,False,0,2,0,0,0
94641,71,"Edina Alves Batista, Brazil",2019-09-07T20:00:00+00:00,Estadio Nacional Mane Garrincha,Avai,145,Flamengo,127,False,0,3,0,2,0
94646,71,"Wilton Pereira Sampaio, Brazil",2019-09-07T20:00:00+00:00,Estadio Castelão,Fortaleza EC,154,Fluminense,124,False,0,1,0,0,0
94648,71,"Marcelo De Lima Henrique, Brazil",2019-09-07T22:00:00+00:00,Estádio Beira Rio,Internacional,119,Sao Paulo,126,True,1,0,0,0,0
94647,71,Wagner Reway,2019-09-08T00:00:00+00:00,"Estádio do Governo do Estado de Goiás (Serra Dourada) (Goiânia, Goiás)",Goias,151,Palmeiras,121,False,1,2,1,0,0
94644,71,"Rafael Traci, Brazil",2019-09-08T14:00:00+00:00,Arena Independência,Cruzeiro,135,Gremio,130,False,1,4,1,2,0
94642,71,"Braulio Da Silva Machado, Brazil",2019-09-08T19:00:00+00:00,Estadio Olimpico Nilton Santos,Botafogo,120,Atletico-MG,1062,True,2,1,1,0,0
94649,71,"Rodrigo Carvalhaes de Miranda, Brazil",2019-09-08T19:00:00+00:00,Urbano Caldeira,Santos,128,Atletico Paranaense,134,False,1,1,0,1,1
94645,71,"Vinicius Goncalves Dias Araujo, Brazil",2019-09-08T22:00:00+00:00,Estádio Rei Pelé,CSA,150,Chapecoense-SC,132,True,2,0,1,0,0
94628,71,"Anderson Daronco, Brazil",2019-09-11T00:00:00+00:00,Allianz Parque,Palmeiras,121,Fluminense,124,True,3,0,1,0,0
94656,71,"Braulio Da Silva Machado, Brazil",2019-09-14T20:00:00+00:00,Estádio do Maracanã,Flamengo,127,Santos,128,True,1,0,1,0,0
94659,71,"Rodolpho Toski Marques, Brazil",2019-09-14T22:00:00+00:00,Allianz Parque,Palmeiras,121,Cruzeiro,135,True,1,0,1,0,0
94655,71,"Flavio Rodrigues De Souza, Brazil",2019-09-14T22:00:00+00:00,Arena Condá,Chapecoense-SC,132,Vasco DA Gama,133,False,1,2,0,1,0
94654,71,Luiz Flavio De Oliveira,2019-09-15T00:00:00+00:00,"Estádio Governador Plácido Aderaldo Castelo (Fortaleza, Ceará)",Ceara,129,Botafogo,120,False,0,0,0,0,1
94651,71,"Felipe Fernandes de Lima, Brazil",2019-09-15T14:00:00+00:00,Arena da Baixada,Atletico Paranaense,134,Avai,145,False,0,1,0,1,0
94652,71,"Bruno Arleu de Araujo, Brazil",2019-09-15T14:00:00+00:00,Arena Independência,Atletico-MG,1062,Internacional,119,False,1,3,0,1,0
94653,71,"Wagner do Nascimento Magalhaes, Brazil",2019-09-15T19:00:00+00:00,Arena Fonte Nova,Bahia,118,Fortaleza EC,154,False,1,1,1,1,1
94657,71,"Jean Pierre Goncalves Lima, Brazil",2019-09-15T19:00:00+00:00,Estádio do Maracanã,Fluminense,124,Corinthians,131,True,1,0,1,0,0
94658,71,"Savio Pereira Sampaio, Brazil",2019-09-15T19:00:00+00:00,Arena do Grêmio,Gremio,130,Goias,151,True,3,0,3,0,0
94660,71,"Heber Roberto Lopes, Brazil",2019-09-15T22:00:00+00:00,Morumbi,Sao Paulo,126,CSA,150,False,1,1,0,0,1
94662,71,"Jean Pierre Goncalves Lima, Brazil",2019-09-21T14:00:00+00:00,Estadio Olimpico Nilton Santos,Botafogo,120,Sao Paulo,126,False,1,2,1,1,0
94664,71,"Raphael Claus, Brazil",2019-09-21T20:00:00+00:00,Estádio Mineirão,Cruzeiro,135,Flamengo,127,False,1,2,1,1,0
94663,71,"Dewson Fernando Freitas da Silva, Brazil",2019-09-21T22:00:00+00:00,Arena Corinthians,Corinthians,131,Bahia,118,True,2,1,1,0,0
94669,71,Paulo Roberto Alves Júnior,2019-09-22T00:00:00+00:00,"Estádio Urbano Caldeira (Santos, São Paulo)",Santos,128,Gremio,130,False,0,3,0,0,0
94668,71,"Diego Pombo Lopez, Brazil",2019-09-22T14:00:00+00:00,Estádio Beira Rio,Internacional,119,Chapecoense-SC,132,True,1,0,0,0,0
94670,71,"Anderson Daronco, Brazil",2019-09-22T19:00:00+00:00,São Januário,Vasco DA Gama,133,Atletico Paranaense,134,False,1,1,0,0,1
94665,71,"Ricardo Marques Ribeiro, Brazil",2019-09-22T19:00:00+00:00,Estádio Rei Pelé,CSA,150,Ceara,129,True,1,0,0,0,0
94666,71,"Marcelo De Lima Henrique, Brazil",2019-09-22T19:00:00+00:00,Estadio Castelão,Fortaleza EC,154,Palmeiras,121,False,0,1,0,0,0
94667,71,"Rafael Traci, Brazil",2019-09-22T22:00:00+00:00,Serra Dourada,Goias,151,Fluminense,124,True,3,0,1,0,0
94661,71,"Caio Max Augusto Vieira, Brazil",2019-09-23T23:00:00+00:00,Estádio da Ressacada,Avai,145,Atletico-MG,1062,True,1,0,1,0,0
94674,71,"Braulio Da Silva Machado, Brazil",2019-09-25T22:30:00+00:00,Estadio Castelão,Ceara,129,Cruzeiro,135,False,0,0,0,0,1
94673,71,Flavio Rodrigues De Souza,2019-09-26T00:30:00+00:00,"Arena Fonte Nova (Salvador, Bahia)",Bahia,118,Botafogo,120,True,2,0,1,0,0
94680,71,Bruno Arleu de Araujo,2019-09-26T00:30:00+00:00,"Estádio Cícero Pompeu de Toledo (Morumbi) (São Paulo, São Paulo)",Sao Paulo,126,Goias,151,False,0,1,0,1,0
94676,71,Luiz Flavio De Oliveira,2019-09-26T00:30:00+00:00,"Estadio Jornalista Mário Filho (Maracanã) (Rio de Janeiro, Rio de Janeiro)",Flamengo,127,Internacional,119,True,3,1,1,0,0
94679,71,"Diego Pombo Lopez, Brazil",2019-09-26T22:15:00+00:00,Allianz Parque,Palmeiras,121,CSA,150,True,6,2,4,0,0
94677,71,"Wilton Pereira Sampaio, Brazil",2019-09-26T23:00:00+00:00,Estádio do Maracanã,Fluminense,124,Santos,128,False,1,1,1,1,1
94678,71,"Rodolpho Toski Marques, Brazil",2019-09-26T23:00:00+00:00,Arena do Grêmio,Gremio,130,Avai,145,True,6,1,4,0,0
94671,71,"Vinicius Gomes do Amara, Brazil",2019-09-27T00:30:00+00:00,Arena da Baixada,Atletico Paranaense,134,Fortaleza EC,154,True,4,1,2,1,0
94685,71,"Rafael Traci, Brazil",2019-09-28T22:00:00+00:00,Estádio do Maracanã,Flamengo,127,Sao Paulo,126,False,0,0,0,0,1
94684,71,"Ricardo Marques Ribeiro, Brazil",2019-09-29T14:00:00+00:00,Arena Corinthians,Corinthians,131,Vasco DA Gama,133,True,1,0,0,0,0
94689,71,"Braulio Da Silva Machado, Brazil",2019-09-29T19:00:00+00:00,Estádio Beira Rio,Internacional,119,Palmeiras,121,False,1,1,1,0,1
94686,71,"Caio Max Augusto Vieira, Brazil",2019-09-29T19:00:00+00:00,Estádio do Maracanã,Fluminense,124,Gremio,130,True,2,1,1,0,0
94690,71,"Wagner do Nascimento Magalhaes, Brazil",2019-09-29T19:00:00+00:00,Urbano Caldeira,Santos,128,CSA,150,True,2,0,1,0,0
94681,71,"Thiago Duarte Peixoto, Brazil",2019-09-29T22:00:00+00:00,Arena da Baixada,Atletico Paranaense,134,Chapecoense-SC,132,False,1,1,0,1,1
94682,71,"Paulo Roberto Alves Junior, Brazil",2019-09-29T22:00:00+00:00,Arena Independência,Atletico-MG,1062,Ceara,129,True,2,1,0,1,0
94683,71,"Jean Pierre Goncalves Lima, Brazil",2019-09-30T23:00:00+00:00,Estádio da Ressacada,Avai,145,Bahia,118,False,0,2,0,2,0
94688,71,"Gilberto Rodrigues Castro Junior, Brazil",2019-09-30T23:00:00+00:00,Serra Dourada,Goias,151,Cruzeiro,135,True,1,0,0,0,0
94687,71,"Andre Luiz de Freitas Castro, Brazil",2019-09-30T23:00:00+00:00,Estadio Castelão,Fortaleza EC,154,Botafogo,120,True,1,0,0,0,0
94675,71,"Daniel Nobre Bins, Brazil",2019-10-02T22:15:00+00:00,Arena Condá,Chapecoense-SC,132,Corinthians,131,False,0,1,0,0,0
94672,71,"Heber Roberto Lopes, Brazil",2019-10-02T22:15:00+00:00,Arena Independência,Atletico-MG,1062,Vasco DA Gama,133,False,1,2,0,0,0
94699,71,"Diego Pombo Lopez, Brazil",2019-10-05T20:00:00+00:00,Morumbi,Sao Paulo,126,Fortaleza EC,154,True,2,1,1,1,0
94700,71,"Savio Pereira Sampaio, Brazil",2019-10-05T20:00:00+00:00,São Januário,Vasco DA Gama,133,Santos,128,False,0,1,0,0,0
94691,71,"Raphael Claus, Brazil",2019-10-05T22:00:00+00:00,Arena Fonte Nova,Bahia,118,Atletico Paranaense,134,False,1,2,0,0,0
94697,71,"Bruno Arleu de Araujo, Brazil",2019-10-05T22:00:00+00:00,Arena do Grêmio,Gremio,130,Corinthians,131,False,0,0,0,0,1
94695,71,"Wagner do Nascimento Magalhaes, Brazil",2019-10-06T00:00:00+00:00,Estádio Mineirão,Cruzeiro,135,Internacional,119,False,1,1,0,1,1
94694,71,"Vinicius Goncalves Dias Araujo, Brazil",2019-10-06T14:00:00+00:00,Arena Condá,Chapecoense-SC,132,Flamengo,127,False,0,1,0,1,0
94692,71,"Rodolpho Toski Marques, Brazil",2019-10-06T19:00:00+00:00,Estadio Olimpico Nilton Santos,Botafogo,120,Fluminense,124,False,0,1,0,1,0
94698,71,"Rafael Traci, Brazil",2019-10-06T19:00:00+00:00,Allianz Parque,Palmeiras,121,Atletico-MG,1062,False,1,1,0,1,1
94693,71,"Jose Mendonca da Silva Junior, Brazil",2019-10-06T19:00:00+00:00,Estadio Castelão,Ceara,129,Goias,151,False,0,1,0,1,0
94696,71,"Anderson Daronco, Brazil",2019-10-06T22:00:00+00:00,Estádio Rei Pelé,CSA,150,Avai,145,True,3,1,1,0,0
94703,71,"Rodrigo D'alonso Ferreira, Brazil",2019-10-09T22:15:00+00:00,Estadio Olimpico Nilton Santos,Botafogo,120,Goias,151,True,3,1,1,0,0
94706,71,"Vinicius Furlan, Brazil",2019-10-09T22:15:00+00:00,Estádio Rei Pelé,CSA,150,Internacional,119,True,1,0,0,0,0
94708,71,"Rodrigo Carvalhaes de Miranda, Brazil",2019-10-09T23:30:00+00:00,Estadio Castelão,Fortaleza EC,154,Chapecoense-SC,132,True,2,0,0,0,0
94702,71,"Braulio Da Silva Machado, Brazil",2019-10-10T00:00:00+00:00,Arena Fonte Nova,Bahia,118,Sao Paulo,126,False,0,0,0,0,1
94709,71,"Edina Alves Batista, Brazil",2019-10-10T00:00:00+00:00,Arena do Grêmio,Gremio,130,Ceara,129,True,2,1,2,1,0
94710,71,"Flavio Rodrigues De Souza, Brazil",2019-10-10T00:30:00+00:00,Urbano Caldeira,Santos,128,Palmeiras,121,True,2,0,2,0,0
94705,71,"Jean Pierre Goncalves Lima, Brazil",2019-10-10T00:30:00+00:00,Estádio Mineirão,Cruzeiro,135,Fluminense,124,False,0,0,0,0,1
94704,71,"Andre Luiz de Freitas Castro, Brazil",2019-10-10T22:15:00+00:00,Arena Corinthians,Corinthians,131,Atletico Paranaense,134,False,2,2,2,2,1
94701,71,"Paulo Roberto Alves Junior, Brazil",2019-10-10T22:15:00+00:00,Estádio da Ressacada,Avai,145,Vasco DA Gama,133,False,0,0,0,0,1
94707,71,"Wilton Pereira Sampaio, Brazil",2019-10-10T23:00:00+00:00,Estádio do Maracanã,Flamengo,127,Atletico-MG,1062,True,3,1,1,0,0
94716,71,"Felipe Fernandes de Lima, Brazil",2019-10-12T20:00:00+00:00,Serra Dourada,Goias,151,CSA,150,True,1,0,1,0,0
94715,71,"Heber Roberto Lopes, Brazil",2019-10-12T22:00:00+00:00,Estádio do Maracanã,Fluminense,124,Bahia,118,True,2,0,2,0,0
94718,71,"Anderson Daronco, Brazil",2019-10-13T00:00:00+00:00,Pacaembú,Palmeiras,121,Botafogo,120,True,1,0,1,0,0
94717,71,"Bruno Arleu de Araujo, Brazil",2019-10-13T19:00:00+00:00,Estádio Beira Rio,Internacional,119,Santos,128,False,0,0,0,0,1
94713,71,"Marcelo De Lima Henrique, Brazil",2019-10-13T19:00:00+00:00,Estadio Castelão,Ceara,129,Avai,145,True,1,0,0,0,0
94720,71,"Daniel Nobre Bins, Brazil",2019-10-13T19:00:00+00:00,São Januário,Vasco DA Gama,133,Fortaleza EC,154,True,1,0,0,0,0
94711,71,"Braulio Da Silva Machado, Brazil",2019-10-13T19:00:00+00:00,Arena da Baixada,Atletico Paranaense,134,Flamengo,127,False,0,2,0,1,0
94719,71,"Raphael Claus, Brazil",2019-10-13T21:00:00+00:00,Morumbi,Sao Paulo,126,Corinthians,131,True,1,0,0,0,0
94714,71,"Caio Max Augusto Vieira, Brazil",2019-10-13T22:00:00+00:00,Arena Condá,Chapecoense-SC,132,Cruzeiro,135,False,1,1,0,1,1
94712,71,"Luiz Flavio De Oliveira, Brazil",2019-10-13T22:00:00+00:00,Arena Independência,Atletico-MG,1062,Gremio,130,False,1,4,1,2,0
94727,71,"Rodolpho Toski Marques, Brazil",2019-10-16T22:15:00+00:00,Arena do Grêmio,Gremio,130,Bahia,118,False,0,1,0,0,0
94723,71,"Savio Pereira Sampaio, Brazil",2019-10-16T22:15:00+00:00,Estádio Rei Pelé,CSA,150,Atletico-MG,1062,False,2,2,1,0,1
94725,71,"Paulo Roberto Alves Junior, Brazil",2019-10-16T23:00:00+00:00,Estadio Castelão,Fortaleza EC,154,Flamengo,127,False,1,2,0,0,0
94728,71,Vinicius Gomes,2019-10-17T00:00:00+00:00,"Allianz Parque (São Paulo, São Paulo)",Palmeiras,121,Chapecoense-SC,132,True,1,0,0,0,0
94722,71,Wilton Pereira Sampaio,2019-10-17T00:00:00+00:00,"Estádio Governador Magalhães Pinto (Belo Horizonte, Minas Gerais)",Cruzeiro,135,Sao Paulo,126,True,1,0,0,0,0
94730,71,Flavio Rodrigues De Souza,2019-10-17T00:30:00+00:00,"Estádio Club de Regatas Vasco da Gama (Rio de Janeiro, Rio de Janeiro)",Vasco DA Gama,133,Botafogo,120,True,2,1,2,1,0
94726,71,Wagner do Nascimento Magalhaes,2019-10-17T00:30:00+00:00,"Estádio do Governo do Estado de Goiás (Serra Dourada) (Goiânia, Goiás)",Goias,151,Corinthians,131,False,2,2,1,1,1
94729,71,"Rafael Traci, Brazil",2019-10-17T22:15:00+00:00,Urbano Caldeira,Santos,128,Ceara,129,True,2,1,0,1,0
94721,71,"Thiago Duarte Peixoto, Brazil",2019-10-17T22:15:00+00:00,Estádio da Ressacada,Avai,145,Internacional,119,False,0,2,0,1,0
94724,71,"Rodrigo D'alonso Ferreira, Brazil",2019-10-18T00:00:00+00:00,Estádio do Maracanã,Fluminense,124,Atletico Paranaense,134,False,1,2,1,1,0
94738,71,"Andre Luiz de Freitas Castro, Brazil",2019-10-19T20:00:00+00:00,Estadio Castelão,Fortaleza EC,154,Gremio,130,True,2,1,2,1,0
94736,71,"Bruno Arleu de Araujo, Brazil",2019-10-19T22:00:00+00:00,Arena Corinthians,Corinthians,131,Cruzeiro,135,False,1,2,1,1,0
94739,71,"Vinicius Goncalves Dias Araujo, Brazil",2019-10-20T19:00:00+00:00,Estádio Beira Rio,Internacional,119,Vasco DA Gama,133,False,0,1,0,0,0
94740,71,"Dewson Fernando Freitas da Silva, Brazil",2019-10-20T19:00:00+00:00,Morumbi,Sao Paulo,126,Avai,145,True,1,0,0,0,0
94732,71,"Caio Max Augusto Vieira, Brazil",2019-10-20T19:00:00+00:00,Arena Independência,Atletico-MG,1062,Santos,128,True,2,0,2,0,0
94737,71,"Anderson Daronco, Brazil",2019-10-20T21:00:00+00:00,Estádio do Maracanã,Flamengo,127,Fluminense,124,True,2,0,1,0,0
94735,71,"Gilberto Rodrigues Castro Junior, Brazil",2019-10-20T22:00:00+00:00,Arena Condá,Chapecoense-SC,132,Goias,151,False,2,2,2,0,1
94731,71,"Ricardo Marques Ribeiro, Brazil",2019-10-20T22:00:00+00:00,Arena da Baixada,Atletico Paranaense,134,Palmeiras,121,False,1,1,1,1,1
94733,71,"Luiz Flavio De Oliveira, Brazil",2019-10-21T22:30:00+00:00,Arena Fonte Nova,Bahia,118,Ceara,129,False,1,2,0,0,0
94734,71,"Leandro Pedro Vuaden, Brazil",2019-10-21T23:00:00+00:00,Estadio Olimpico Nilton Santos,Botafogo,120,CSA,150,True,2,1,1,0,0
94744,71,"Jean Pierre Goncalves Lima, Brazil",2019-10-26T20:00:00+00:00,Estadio Castelão,Ceara,129,Vasco DA Gama,133,False,1,1,0,1,1
94745,71,"Luiz Flavio De Oliveira, Brazil",2019-10-26T20:00:00+00:00,Arena Corinthians,Corinthians,131,Santos,128,False,0,0,0,0,1
94743,71,"Marcelo De Lima Henrique, Brazil",2019-10-26T22:00:00+00:00,Arena Fonte Nova,Bahia,118,Internacional,119,False,2,3,0,0,0
94748,71,"Savio Pereira Sampaio, Brazil",2019-10-26T22:30:00+00:00,Estádio do Maracanã,Fluminense,124,Chapecoense-SC,132,False,1,1,0,1,1
94746,71,"Raphael Claus, Brazil",2019-10-27T00:00:00+00:00,Estádio Mineirão,Cruzeiro,135,Fortaleza EC,154,False,1,1,0,0,1
94750,71,"Bruno Arleu de Araujo, Brazil",2019-10-27T18:00:00+00:00,Morumbi,Sao Paulo,126,Atletico-MG,1062,True,2,0,0,0,0
94749,71,"Rafael Traci, Brazil",2019-10-27T18:00:00+00:00,Arena do Grêmio,Gremio,130,Botafogo,120,True,3,0,1,0,0
94741,71,"Flavio Rodrigues De Souza, Brazil",2019-10-27T18:00:00+00:00,Arena da Baixada,Atletico Paranaense,134,Goias,151,True,4,1,0,1,0
94742,71,"Wilton Pereira Sampaio, Brazil",2019-10-27T20:00:00+00:00,Estádio da Ressacada,Avai,145,Palmeiras,121,False,1,2,0,0,0
94747,71,"Rodolpho Toski Marques, Brazil",2019-10-27T21:00:00+00:00,Estádio do Maracanã,Flamengo,127,CSA,150,True,1,0,1,0,0
94758,71,"Raphael Claus, Brazil",2019-10-30T22:30:00+00:00,Allianz Parque,Palmeiras,121,Sao Paulo,126,True,3,0,2,0,0
94752,71,"Marcelo Aparecido Ribeiro de Souza, Brazil",2019-10-30T22:30:00+00:00,Estádio da Ressacada,Avai,145,Fortaleza EC,154,False,1,3,0,1,0
94751,71,"Diego Pombo Lopez, Brazil",2019-10-30T22:30:00+00:00,Arena Independência,Atletico-MG,1062,Chapecoense-SC,132,False,0,2,0,1,0
94754,71,"Leandro Pedro Vuaden, Brazil",2019-10-31T00:30:00+00:00,Estadio Castelão,Ceara,129,Fluminense,124,True,2,0,1,0,0
94760,71,"Wilton Pereira Sampaio, Brazil",2019-10-31T00:30:00+00:00,São Januário,Vasco DA Gama,133,Gremio,130,False,1,3,1,1,0
94755,71,"Rafael Traci, Brazil",2019-10-31T00:30:00+00:00,Estádio Rei Pelé,CSA,150,Corinthians,131,True,2,1,1,1,0
94759,71,"Wagner do Nascimento Magalhaes, Brazil",2019-10-31T22:15:00+00:00,Urbano Caldeira,Santos,128,Bahia,118,True,1,0,0,0,0
94756,71,"Ricardo Marques Ribeiro, Brazil",2019-10-31T23:00:00+00:00,Serra Dourada,Goias,151,Flamengo,127,False,2,2,0,0,1
94757,71,"Andre Luiz de Freitas Castro, Brazil",2019-11-01T00:30:00+00:00,Estádio Beira Rio,Internacional,119,Atletico Paranaense,134,False,1,1,1,1,1
94753,71,"Caio Max Augusto Vieira, Brazil",2019-11-01T00:30:00+00:00,Estadio Olimpico Nilton Santos,Botafogo,120,Cruzeiro,135,False,0,2,0,1,0
94766,71,"Rodolpho Toski Marques, Brazil",2019-11-02T20:00:00+00:00,Estadio Castelão,Fortaleza EC,154,Atletico-MG,1062,False,2,2,2,1,1
94769,71,"Felipe Fernandes de Lima, Brazil",2019-11-02T22:00:00+00:00,Allianz Parque,Palmeiras,121,Ceara,129,True,1,0,1,0,0
94765,71,"Raphael Claus, Brazil",2019-11-02T22:00:00+00:00,Estádio do Maracanã,Fluminense,124,Vasco DA Gama,133,False,0,0,0,0,1
94762,71,"Anderson Daronco, Brazil",2019-11-03T00:00:00+00:00,Arena Condá,Chapecoense-SC,132,Sao Paulo,126,False,0,3,0,2,0
94764,71,"Jean Pierre Goncalves Lima, Brazil",2019-11-03T19:00:00+00:00,Estádio do Maracanã,Flamengo,127,Corinthians,131,True,4,1,2,0,0
94768,71,"Flavio Rodrigues De Souza, Brazil",2019-11-03T21:00:00+00:00,Arena do Grêmio,Gremio,130,Internacional,119,True,2,0,1,0,0
94761,71,"Savio Pereira Sampaio, Brazil",2019-11-03T21:00:00+00:00,Arena da Baixada,Atletico Paranaense,134,CSA,150,True,1,0,0,0,0
94770,71,"Rodrigo D'alonso Ferreira, Brazil",2019-11-03T22:00:00+00:00,Urbano Caldeira,Santos,128,Botafogo,120,True,4,1,2,1,0
94763,71,"Reway Wagner, Brazil",2019-11-03T22:00:00+00:00,Estádio Mineirão,Cruzeiro,135,Bahia,118,False,1,1,0,0,1
94767,71,"Vinicius Goncalves Dias Araujo, Brazil",2019-11-03T22:30:00+00:00,Serra Dourada,Goias,151,Avai,145,True,2,0,0,0,0
94777,71,"Caio Max Augusto Vieira, Brazil",2019-11-06T22:30:00+00:00,Arena Corinthians,Corinthians,131,Fortaleza EC,154,True,3,2,1,1,0
94772,71,"Thiago Duarte Peixoto, Brazil",2019-11-06T23:00:00+00:00,Arena Independência,Atletico-MG,1062,Goias,151,True,2,0,0,0,0
94773,71,"Marcelo De Lima Henrique, Brazil",2019-11-07T00:00:00+00:00,Estádio da Ressacada,Avai,145,Santos,128,False,1,2,1,2,0
94774,71,"Vinicius Furlan, Brazil",2019-11-07T00:30:00+00:00,Arena Fonte Nova,Bahia,118,Chapecoense-SC,132,False,1,1,0,1,1
94780,71,"Rafael Traci, Brazil",2019-11-07T00:30:00+00:00,São Januário,Vasco DA Gama,133,Palmeiras,121,False,1,2,1,1,0
94771,71,"Luiz Flavio De Oliveira, Brazil",2019-11-07T00:30:00+00:00,Arena da Baixada,Atletico Paranaense,134,Cruzeiro,135,False,0,0,0,0,1
94779,71,"Daniel Nobre Bins, Brazil",2019-11-07T22:30:00+00:00,Morumbi,Sao Paulo,126,Fluminense,124,False,0,2,0,2,0
94776,71,"Wilton Pereira Sampaio, Brazil",2019-11-07T22:30:00+00:00,Estadio Castelão,Ceara,129,Internacional,119,True,2,0,1,0,0
94775,71,"Leandro Pedro Vuaden, Brazil",2019-11-07T23:00:00+00:00,Estadio Olimpico Nilton Santos,Botafogo,120,Flamengo,127,False,0,1,0,0,0
94778,71,"Jose Mendonca da Silva Junior, Brazil",2019-11-08T00:00:00+00:00,Arena do Grêmio,Gremio,130,CSA,150,True,2,1,1,0,0
94787,71,"Bruno Arleu de Araujo, Brazil",2019-11-09T20:00:00+00:00,Serra Dourada,Goias,151,Santos,128,False,0,3,0,1,0
94789,71,"Vinicius Goncalves Dias Araujo, Brazil",2019-11-09T22:00:00+00:00,Allianz Parque,Palmeiras,121,Corinthians,131,False,1,1,0,0,1
94788,71,"Rodolpho Toski Marques, Brazil",2019-11-10T19:00:00+00:00,Estádio Beira Rio,Internacional,119,Fluminense,124,True,2,1,2,0,0
94790,71,"Wagner do Nascimento Magalhaes, Brazil",2019-11-10T19:00:00+00:00,Morumbi,Sao Paulo,126,Atletico Paranaense,134,False,0,1,0,0,0
94783,71,"Jean Pierre Goncalves Lima, Brazil",2019-11-10T19:00:00+00:00,Estádio Mineirão,Cruzeiro,135,Atletico-MG,1062,False,0,0,0,0,1
94785,71,"Caio Max Augusto Vieira, Brazil",2019-11-10T21:00:00+00:00,Estádio do Maracanã,Flamengo,127,Bahia,118,True,3,1,0,1,0
94782,71,"Marcelo De Lima Henrique, Brazil",2019-11-10T22:00:00+00:00,Arena Condá,Chapecoense-SC,132,Gremio,130,False,0,1,0,1,0
94784,71,"Rodrigo D'alonso Ferreira, Brazil",2019-11-10T22:00:00+00:00,Estádio Rei Pelé,CSA,150,Vasco DA Gama,133,False,0,3,0,1,0
94786,71,"Flavio Rodrigues De Souza, Brazil",2019-11-10T22:00:00+00:00,Estadio Castelão,Fortaleza EC,154,Ceara,129,True,1,0,1,0,0
94781,71,"Savio Pereira Sampaio, Brazil",2019-11-11T23:00:00+00:00,Estadio Olimpico Nilton Santos,Botafogo,120,Avai,145,True,2,0,1,0,0
94806,71,"Wilton Pereira Sampaio, Brazil",2019-11-14T00:30:00+00:00,Estádio do Maracanã,Flamengo,127,Vasco DA Gama,133,False,4,4,2,2,1
94799,71,"Flavio Rodrigues De Souza, Brazil",2019-11-16T20:00:00+00:00,Urbano Caldeira,Santos,128,Sao Paulo,126,False,1,1,1,0,1
94796,71,"Leandro Pedro Vuaden, Brazil",2019-11-16T22:00:00+00:00,Estádio do Maracanã,Fluminense,124,Atletico-MG,1062,False,1,1,1,0,1
94792,71,"Bruno Arleu de Araujo, Brazil",2019-11-17T19:00:00+00:00,Arena Fonte Nova,Bahia,118,Palmeiras,121,False,1,1,1,0,1
94798,71,"Raphael Claus, Brazil",2019-11-17T19:00:00+00:00,Arena do Grêmio,Gremio,130,Flamengo,127,False,0,1,0,1,0
94794,71,"Marcelo De Lima Henrique, Brazil",2019-11-17T21:00:00+00:00,Arena Corinthians,Corinthians,131,Internacional,119,False,0,0,0,0,1
94793,71,"Rodolpho Toski Marques, Brazil",2019-11-17T21:00:00+00:00,Arena Condá,Chapecoense-SC,132,Ceara,129,True,1,0,0,0,0
94791,71,"Braulio Da Silva Machado, Brazil",2019-11-17T21:00:00+00:00,Arena da Baixada,Atletico Paranaense,134,Botafogo,120,True,1,0,0,0,0
94797,71,"Anderson Daronco, Brazil",2019-11-17T22:00:00+00:00,Estadio Castelão,Fortaleza EC,154,CSA,150,True,3,0,1,0,0
94800,71,"Paulo Roberto Alves Junior, Brazil",2019-11-18T22:30:00+00:00,São Januário,Vasco DA Gama,133,Goias,151,False,1,1,1,0,1
94795,71,"Diego Pombo Lopez, Brazil",2019-11-18T23:00:00+00:00,Estádio Mineirão,Cruzeiro,135,Avai,145,False,0,0,0,0,1
94810,71,"Leandro Pedro Vuaden, Brazil",2019-11-24T00:00:00+00:00,Urbano Caldeira,Santos,128,Cruzeiro,135,True,4,1,1,1,0
94809,71,"Wilton Pereira Sampaio, Brazil",2019-11-24T19:00:00+00:00,Allianz Parque,Palmeiras,121,Gremio,130,False,1,2,0,0,0
94807,71,"Ricardo Marques Ribeiro, Brazil",2019-11-24T19:00:00+00:00,Serra Dourada,Goias,151,Bahia,118,True,4,3,2,0,0
94801,71,"Edina Alves Batista, Brazil",2019-11-24T19:00:00+00:00,Arena Independência,Atletico-MG,1062,Atletico Paranaense,134,False,0,1,0,0,0
94803,71,"Andre Luiz de Freitas Castro, Brazil",2019-11-24T21:00:00+00:00,Estadio Olimpico Nilton Santos,Botafogo,120,Corinthians,131,True,1,0,1,0,0
94808,71,"Jose Mendonca da Silva Junior, Brazil",2019-11-24T22:00:00+00:00,Estádio Beira Rio,Internacional,119,Fortaleza EC,154,False,2,2,1,1,1
94804,71,"Rafael Traci, Brazil",2019-11-24T22:00:00+00:00,Estadio Castelão,Ceara,129,Sao Paulo,126,False,1,1,0,1,1
94802,71,"Raphael Claus, Brazil",2019-11-24T22:00:00+00:00,Estádio da Ressacada,Avai,145,Chapecoense-SC,132,False,0,1,0,0,0
94805,71,"Luiz Flavio De Oliveira, Brazil",2019-11-25T23:00:00+00:00,Estádio Rei Pelé,CSA,150,Fluminense,124,False,0,1,0,0,0
94819,71,"Caio Max Augusto Vieira, Brazil",2019-11-27T22:30:00+00:00,Estádio Beira Rio,Internacional,119,Goias,151,False,1,2,0,1,0
94813,71,"Anderson Daronco, Brazil",2019-11-27T22:30:00+00:00,Arena Condá,Chapecoense-SC,132,Botafogo,120,False,0,1,0,0,0
94812,71,Thiago Duarte Peixoto,2019-11-28T00:00:00+00:00,"Arena Fonte Nova (Salvador, Bahia)",Bahia,118,Atletico-MG,1062,False,1,1,0,0,1
94816,71,Paulo Roberto Alves Júnior,2019-11-28T00:30:00+00:00,"Estadio Jornalista Mário Filho (Maracanã) (Rio de Janeiro, Rio de Janeiro)",Flamengo,127,Ceara,129,True,4,1,0,1,0
94814,71,Wagner do Nascimento Magalhaes,2019-11-28T00:30:00+00:00,"Arena Corinthians (São Paulo, São Paulo)",Corinthians,131,Avai,145,True,3,0,1,0,0
94811,71,Bruno Arleu de Araujo,2019-11-28T00:30:00+00:00,"Estádio Joaquim Américo Guimarães (Curitiba, Paraná)",Atletico Paranaense,134,Gremio,130,True,2,0,1,0,0
94817,71,"Leandro Pedro Vuaden, Brazil",2019-11-28T22:30:00+00:00,Estádio do Maracanã,Fluminense,124,Palmeiras,121,True,1,0,1,0,0
94818,71,"Diego Pombo Lopez, Brazil",2019-11-28T23:00:00+00:00,Estadio Castelão,Fortaleza EC,154,Santos,128,True,2,1,0,0,0
94820,71,"Savio Pereira Sampaio, Brazil",2019-11-28T23:30:00+00:00,Morumbi,Sao Paulo,126,Vasco DA Gama,133,True,1,0,1,0,0
94815,71,"Vinicius Goncalves Dias Araujo, Brazil",2019-11-29T00:30:00+00:00,Estádio Mineirão,Cruzeiro,135,CSA,150,False,0,1,0,1,0
94823,71,"Rodolpho Toski Marques, Brazil",2019-11-30T22:00:00+00:00,Estadio Olimpico Nilton Santos,Botafogo,120,Internacional,119,False,0,1,0,0,0
94824,71,"Marcelo Aparecido Ribeiro de Souza, Brazil",2019-11-30T22:00:00+00:00,Estadio Castelão,Ceara,129,Atletico Paranaense,134,False,1,1,0,0,1
94828,71,"Ricardo Marques Ribeiro, Brazil",2019-12-01T19:00:00+00:00,Allianz Parque,Palmeiras,121,Flamengo,127,False,1,3,0,2,0
94822,71,"Daniel Nobre Bins, Brazil",2019-12-01T19:00:00+00:00,Estádio da Ressacada,Avai,145,Fluminense,124,False,1,1,0,1,1
94826,71,"Dewson Fernando Freitas da Silva, Brazil",2019-12-01T19:00:00+00:00,Serra Dourada,Goias,151,Fortaleza EC,154,False,1,2,1,2,0
94825,71,"Vinicius Furlan, Brazil",2019-12-01T21:00:00+00:00,Estádio Rei Pelé,CSA,150,Bahia,118,False,1,2,0,1,0
94821,71,"Paulo Roberto Alves Junior, Brazil",2019-12-01T21:00:00+00:00,Arena Independência,Atletico-MG,1062,Corinthians,131,True,2,1,1,1,0
94829,71,"Marielson Alves Silva, Brazil",2019-12-01T22:00:00+00:00,Urbano Caldeira,Santos,128,Chapecoense-SC,132,True,2,0,1,0,0
94827,71,"Marcelo De Lima Henrique, Brazil",2019-12-01T22:00:00+00:00,Arena do Grêmio,Gremio,130,Sao Paulo,126,True,3,0,0,0,0
94830,71,"Wilton Pereira Sampaio, Brazil",2019-12-02T23:00:00+00:00,São Januário,Vasco DA Gama,133,Cruzeiro,135,True,1,0,1,0,0
94831,71,"Anderson Daronco, Brazil",2019-12-04T22:00:00+00:00,Arena da Baixada,Atletico Paranaense,134,Santos,128,True,1,0,0,0,0
94834,71,"Rafael Traci, Brazil",2019-12-04T22:30:00+00:00,Estadio Castelão,Ceara,129,Corinthians,131,False,0,1,0,0,0
94832,71,"Leandro Pedro Vuaden, Brazil",2019-12-04T22:30:00+00:00,Arena Independência,Atletico-MG,1062,Botafogo,120,True,2,0,1,0,0
94835,71,"Alexandre Vargas Tavares de Jesus, Brazil",2019-12-05T00:00:00+00:00,Arena Condá,Chapecoense-SC,132,CSA,150,True,3,0,1,0,0
94837,71,"Raphael Claus, Brazil",2019-12-05T00:30:00+00:00,Estádio do Maracanã,Fluminense,124,Fortaleza EC,154,False,0,0,0,0,1
94840,71,"Braulio Da Silva Machado, Brazil",2019-12-05T00:30:00+00:00,Morumbi,Sao Paulo,126,Internacional,119,True,2,1,1,0,0
94833,71,"Felipe Fernandes de Lima, Brazil",2019-12-05T22:15:00+00:00,Arena Fonte Nova,Bahia,118,Vasco DA Gama,133,False,1,1,1,0,1
94839,71,"Bruno Arleu de Araujo, Brazil",2019-12-05T22:15:00+00:00,Allianz Parque,Palmeiras,121,Goias,151,True,5,1,2,1,0
94838,71,"Andre Luiz de Freitas Castro, Brazil",2019-12-05T22:15:00+00:00,Arena do Grêmio,Gremio,130,Cruzeiro,135,True,2,0,0,0,0
94836,71,"Jefferson Ferreira de Moraes, Brazil",2019-12-05T23:00:00+00:00,Estádio do Maracanã,Flamengo,127,Avai,145,True,6,1,3,1,0
94848,71,"Savio Pereira Sampaio, Brazil",2019-12-08T19:00:00+00:00,Estádio Beira Rio,Internacional,119,Atletico-MG,1062,True,2,1,0,1,0
94842,71,"Luiz Flavio De Oliveira, Brazil",2019-12-08T19:00:00+00:00,Estadio Olimpico Nilton Santos,Botafogo,120,Ceara,129,False,1,1,1,0,1
94849,71,"Paulo Roberto Alves Junior, Brazil",2019-12-08T19:00:00+00:00,Urbano Caldeira,Santos,128,Flamengo,127,True,4,0,2,0,0
94843,71,"Rodrigo D'alonso Ferreira, Brazil",2019-12-08T19:00:00+00:00,Arena Corinthians,Corinthians,131,Fluminense,124,False,1,2,0,2,0
94850,71,"Pablo Ramon Goncalves Pinheiro, Brazil",2019-12-08T19:00:00+00:00,São Januário,Vasco DA Gama,133,Chapecoense-SC,132,False,1,1,0,0,1
94844,71,"Marcelo De Lima Henrique, Brazil",2019-12-08T19:00:00+00:00,Estádio Mineirão,Cruzeiro,135,Palmeiras,121,False,0,2,0,0,0
94841,71,"Dyorgines Jose Padovani de Andrade, Brazil",2019-12-08T19:00:00+00:00,Estádio da Ressacada,Avai,145,Atletico Paranaense,134,False,0,0,0,0,1
94845,71,"Alisson Sidnei Furtado, Brazil",2019-12-08T19:00:00+00:00,Estádio Rei Pelé,CSA,150,Sao Paulo,126,False,1,2,1,2,0
94847,71,"Ricardo Marques Ribeiro, Brazil",2019-12-08T19:00:00+00:00,Serra Dourada,Goias,151,Gremio,130,True,3,2,2,2,0
94846,71,"Wagner do Nascimento Magalhaes, Brazil",2019-12-08T19:00:00+00:00,Estadio Castelão,Fortaleza EC,154,Bahia,118,True,2,1,1,1,0
